c0c9490b4784f1ed49f131b209778a3608d8e9dc7d2e73bcadc1cd8fc37d2537,1,2016,Norfolk Constabulary,Norfolk Constabulary,-1.197202,51.215865,On or near Church Farm Close,E01022532,Basingstoke and Deane 022A,Violence and sexual offences,Under investigation,,RG25 2BN,RG25,"6 Church Farm Cl, North Waltham, Basingstoke RG25 2BN, UK"
5cd2388d8a7e59c399aace2a4f82dbf69a853cdfcab70c76c68ed41715db99b3,1,2016,Norfolk Constabulary,Norfolk Constabulary,1.072912,52.698043,On or near Blind Lane,E01026436,Breckland 001A,Burglary,Investigation complete; no suspect identified,,NR9 5LH,NR9,"Lyng, Norwich NR9 5LH, UK"
9df6a7f8ae2f224b28b66661cf3a070090d59422ebc718dd36cab367cdc168ba,1,2016,Norfolk Constabulary,Norfolk Constabulary,1.029399,52.746422,On or near Blackhorse Meadow,E01026436,Breckland 001A,Burglary,Investigation complete; no suspect identified,,NR20 4RT,NR20,"The St, Bawdeswell, Dereham NR20 4RT, UK"
b7beaf5b5dd3a929cdadf2922ca99e0dd7d0a44e296f0434e6fa544c1ad73a53,1,2016,Norfolk Constabulary,Norfolk Constabulary,1.062192,52.717242,On or near Back Lane,E01026436,Breckland 001A,Vehicle crime,Investigation complete; no suspect identified,,NR9 5QZ,NR9,"Waratah Manor Farm Riding School, The St, Lyng, Norwich NR9 5QZ, UK"
059a1c630e35a647bc8535a425f6b4787ba2a5711a99a4d866a358f1aea918b2,1,2016,Norfolk Constabulary,Norfolk Constabulary,1.056109,52.720259,On or near Bakery Lane,E01026436,Breckland 001A,Other crime,Under investigation,,NR9 5RX,NR9,"2 Duffield Cres, Lyng, Norwich NR9 5RX, UK"
,1,2016,Norfolk Constabulary,Norfolk Constabulary,0.981465,52.712871,On or near Sports/Recreation Area,E01026461,Breckland 001C,Anti-social behaviour,,,NR20 4NP,NR20,"Mann's Ln, Swanton Morley, Dereham NR20 4NP, UK"
d03c3820a08573bb934e5ea5057db365c08b23837557c3d51f7c2f2f247f7471,1,2016,Norfolk Constabulary,Norfolk Constabulary,1.042037,52.711718,On or near Heath Road,E01026461,Breckland 001C,Other theft,Investigation complete; no suspect identified,,NR20 3EE,NR20,"2 Heath Rd, Elsing, Dereham NR20 3EE, UK"
759ba2c9155718e4709ae97589f1a12cd690d86bfbb182a875d3657a0aa7239e,1,2016,Norfolk Constabulary,Norfolk Constabulary,0.987233,52.715154,On or near Petrol Station,E01026461,Breckland 001C,Other theft,Investigation complete; no suspect identified,,NR20 4PB,NR20,"6 Town St, Swanton Morley, Dereham NR20 4PB, UK"
c424431dfb0c3917188d3ae81241f069d4d076cad50610d9e8625bcc2e8061e7,1,2016,Norfolk Constabulary,Norfolk Constabulary,0.981465,52.712871,On or near Sports/Recreation Area,E01026461,Breckland 001C,Violence and sexual offences,Under investigation,,NR20 4NP,NR20,"Mann's Ln, Swanton Morley, Dereham NR20 4NP, UK"
,1,2016,Norfolk Constabulary,Norfolk Constabulary,0.946326,52.745153,On or near Orchard Close,E01026483,Breckland 001E,Anti-social behaviour,,,NR20 5HG,NR20,"30 Orchard Cl, North Elmham, Dereham NR20 5HG, UK"
,1,2016,Norfolk Constabulary,Norfolk Constabulary,0.954951,52.743194,On or near Station Road,E01033042,Breckland 001F,Anti-social behaviour,,,NR20 5HH,NR20,"27-31 B1145, North Elmham, Dereham NR20 5HH, UK"
,1,2016,Norfolk Constabulary,Norfolk Constabulary,0.952401,52.720155,On or near Park/Open Space,E01033042,Breckland 001F,Anti-social behaviour,,,NR20 4BD,NR20,"Hoe, Dereham NR20 4BD, UK"
5f77bdc97790ab89ed5f3c7a057878b8510b519854312bfa76eb4be5cfbf3a42,1,2016,Norfolk Constabulary,Norfolk Constabulary,0.98259,52.743679,On or near Sports/Recreation Area,E01033042,Breckland 001F,Burglary,Investigation complete; no suspect identified,,NR20 4RE,NR20,"School Cottage, The St, Billingford, Dereham NR20 4RE, UK"
6f3d2bfcb9533f654fcdcc63430dc198b41f92bce378909f08d748cc5c6c0082,1,2016,Norfolk Constabulary,Norfolk Constabulary,0.992408,52.771462,On or near The Street,E01033042,Breckland 001F,Criminal damage and arson,Under investigation,,NR20 5NE,NR20,"43 The St, Bintree, Dereham NR20 5NE, UK"
e6e2af3540c8e5f3314fbb6eb5498e6e1208f7f586b046a6263cbf9a7b711bf1,1,2016,Norfolk Constabulary,Norfolk Constabulary,0.978293,52.718913,On or near Ward Crescent,E01033042,Breckland 001F,Violence and sexual offences,Investigation complete; no suspect identified,,NR20 4PH,NR20,"5-13 Ward Cres, Swanton Morley, Dereham NR20 4PH, UK"
2afb0d1abd24a6d5de92d11262749f631ce42df2bfde68a0184192d9e4baff97,1,2016,Norfolk Constabulary,Norfolk Constabulary,0.98259,52.743679,On or near Sports/Recreation Area,E01033042,Breckland 001F,Violence and sexual offences,Under investigation,,NR20 4RE,NR20,"School Cottage, The St, Billingford, Dereham NR20 4RE, UK"
,1,2016,Norfolk Constabulary,Norfolk Constabulary,0.846273,52.771284,On or near Dereham Road,E01026442,Breckland 002A,Anti-social behaviour,,,NR20 5TE,NR20,"Sunset View, School Rd, Dereham NR20 5TE, UK"
09952caa65930f8a612c5fce79d80a10f80e3fdcb5f549059e4bce9b867ff5fe,1,2016,Norfolk Constabulary,Norfolk Constabulary,0.843194,52.772041,On or near High Street,E01026442,Breckland 002A,Other theft,Investigation complete; no suspect identified,,NR20 5AP,NR20,"3 High St, Dereham NR20 5AP, UK"
dae42af406e53c6f5a0b90a8a817f373526c6115356ae6f34cd18bce5299ea19,1,2016,Norfolk Constabulary,Norfolk Constabulary,0.879028,52.778047,On or near Main Dereham Road,E01026442,Breckland 002A,Other theft,Investigation complete; no suspect identified,,NR20 5EE,NR20,"Horningtoft, Dereham NR20 5EE, UK"
cb92426e3c58064f5c5e88b20f084457dd347adfce7791ea682fa19468d5d289,1,2016,Norfolk Constabulary,Norfolk Constabulary,0.832963,52.771135,On or near Mill Road,E01026442,Breckland 002A,Violence and sexual offences,Investigation complete; no suspect identified,,NR20 5SR,NR20,"1 Mill Ln, Whissonsett, Dereham NR20 5SR, UK"
,1,2016,Norfolk Constabulary,Norfolk Constabulary,0.790804,52.723055,On or near Manor Drive,E01026443,Breckland 002B,Anti-social behaviour,,,PE32 2NZ,PE32,"The Old Rectory, Mileham Rd, Litcham, King's Lynn PE32 2NZ, UK"
,1,2016,Norfolk Constabulary,Norfolk Constabulary,0.785135,52.72799,On or near Keppel Close,E01026443,Breckland 002B,Anti-social behaviour,,,PE32 2YD,PE32,"1 Keppel Cl, King's Lynn PE32 2YD, UK"
,1,2016,Norfolk Constabulary,Norfolk Constabulary,0.790804,52.723055,On or near Manor Drive,E01026443,Breckland 002B,Anti-social behaviour,,,PE32 2NZ,PE32,"The Old Rectory, Mileham Rd, Litcham, King's Lynn PE32 2NZ, UK"
,1,2016,Norfolk Constabulary,Norfolk Constabulary,0.790804,52.723055,On or near Manor Drive,E01026443,Breckland 002B,Anti-social behaviour,,,PE32 2NZ,PE32,"The Old Rectory, Mileham Rd, Litcham, King's Lynn PE32 2NZ, UK"
,1,2016,Norfolk Constabulary,Norfolk Constabulary,0.790804,52.723055,On or near Manor Drive,E01026443,Breckland 002B,Anti-social behaviour,,,PE32 2NZ,PE32,"The Old Rectory, Mileham Rd, Litcham, King's Lynn PE32 2NZ, UK"
,1,2016,Norfolk Constabulary,Norfolk Constabulary,0.76303,52.67708,On or near Necton Road,E01026443,Breckland 002B,Anti-social behaviour,,,PE32 2DN,PE32,"43 Necton Rd, King's Lynn PE32 2DN, UK"
78f1761b6c2b748be15374f485cc84c178aafa4fa18aebc25dbcec68d7fec8b7,1,2016,Norfolk Constabulary,Norfolk Constabulary,0.757613,52.681729,On or near School Lane,E01026443,Breckland 002B,Burglary,Investigation complete; no suspect identified,,PE32 2DQ,PE32,"1 School Ln, King's Lynn PE32 2DQ, UK"
38f67921335ba22d8c52537e3f8ad35e25f980e91b946a9622a8b8e984866663,1,2016,Norfolk Constabulary,Norfolk Constabulary,0.874653,52.713469,On or near Park/Open Space,E01026443,Breckland 002B,Burglary,Investigation complete; no suspect identified,,NR19 2RH,NR19,"Longham, Dereham NR19 2RH, UK"
553a51d3627c561e8c0e19869c2e34b31f1d539d4f8f6dcd7a028e9be33db3af,1,2016,Norfolk Constabulary,Norfolk Constabulary,0.76303,52.67708,On or near Necton Road,E01026443,Breckland 002B,Burglary,Investigation complete; no suspect identified,,PE32 2DN,PE32,"43 Necton Rd, King's Lynn PE32 2DN, UK"
504e83d4f4666992bf50ad858c8f0d72288ceb397443781e6df3d40d71728fff,1,2016,Norfolk Constabulary,Norfolk Constabulary,0.793281,52.722888,On or near Church Street,E01026443,Breckland 002B,Other theft,Under investigation,,PE32 2NS,PE32,"18 Church St, Litcham, King's Lynn PE32 2NS, UK"
,1,2016,Norfolk Constabulary,Norfolk Constabulary,0.584237,52.682311,On or near Meadow Close,E01026445,Breckland 002C,Anti-social behaviour,,,PE32 1SY,PE32,"Westfields, Narborough, King's Lynn PE32 1SY, UK"
,1,2016,Norfolk Constabulary,Norfolk Constabulary,0.585081,52.681321,On or near Westfields,E01026445,Breckland 002C,Anti-social behaviour,,,PE32 1SY,PE32,"93 Westfields, Narborough, King's Lynn PE32 1SY, UK"
59dd5bd7da23da75df05a4ddec6914a1253dbe35a412d1778764d56b2b29ee43,1,2016,Norfolk Constabulary,Norfolk Constabulary,0.585845,52.683984,On or near Blacksmiths Way,E01026445,Breckland 002C,Burglary,Investigation complete; no suspect identified,,PE32 1UU,PE32,"1 Blacksmiths Way, King's Lynn PE32 1UU, UK"
031525592f57379182a352623ffbcc988046891ceecde704a0393d8f4e50be5d,1,2016,Norfolk Constabulary,Norfolk Constabulary,0.733781,52.665232,On or near Hill'S Close,E01026445,Breckland 002C,Criminal damage and arson,Unable to prosecute suspect,,PE32 2DY,PE32,"51 Hill's Cl, Sporle, King's Lynn PE32 2DY, UK"
1157a619d75d6e9d66f15a830e5b28fbe22f271c2960d52172d380226f0c225b,1,2016,Norfolk Constabulary,Norfolk Constabulary,0.591024,52.682495,On or near Swaffham Road,E01026445,Breckland 002C,Violence and sexual offences,Unable to prosecute suspect,,PE32 1TB,PE32,"Swaffham Rd, King's Lynn PE32 1TB, UK"
,1,2016,Norfolk Constabulary,Norfolk Constabulary,0.918653,52.730856,On or near Church Road,E01026462,Breckland 002D,Anti-social behaviour,,,NR20 4DA,NR20,"Church Rd, Beetley, Dereham NR20 4DA, UK"
,1,2016,Norfolk Constabulary,Norfolk Constabulary,0.885293,52.740719,On or near The Drift,E01026462,Breckland 002D,Anti-social behaviour,,,NR20 4HT,NR20,"Half Acre, Fakenham Rd, East Bilney, Dereham NR20 4HT, UK"
,1,2016,Norfolk Constabulary,Norfolk Constabulary,0.927931,52.717228,On or near Maple Close,E01026462,Breckland 002D,Anti-social behaviour,,,NR20 4TA,NR20,"1-2 Maple Cl, Beetley, Dereham NR20 4TA, UK"
,1,2016,Norfolk Constabulary,Norfolk Constabulary,0.918653,52.730856,On or near Church Road,E01026462,Breckland 002D,Anti-social behaviour,,,NR20 4DA,NR20,"Church Rd, Beetley, Dereham NR20 4DA, UK"
6986a78e7361734ed54bdcd92da9571a4cc3cabbf6db02390046c093447f8336,1,2016,Norfolk Constabulary,Norfolk Constabulary,0.936762,52.729194,On or near Peacock Lane,E01026462,Breckland 002D,Burglary,Investigation complete; no suspect identified,,NR20 4DQ,NR20,"Beetley, Dereham NR20 4DQ, UK"
8ba522fe2e240f24f1d9e224627a8f014402976f6cdae66cc3b9818b076e682c,1,2016,Norfolk Constabulary,Norfolk Constabulary,0.927092,52.716646,On or near Beetley Meadows,E01026462,Breckland 002D,Other theft,Under investigation,,NR20 4UU,NR20,"1 Beetley Meadows, Beetley, Dereham NR20 4UU, UK"
446a2b3f65a15b9a733cd97a11008771a491d3b3230908d33c7bd08b4bf6c37a,1,2016,Norfolk Constabulary,Norfolk Constabulary,0.879285,52.760388,On or near Sports/Recreation Area,E01026462,Breckland 002D,Other theft,Investigation complete; no suspect identified,,NR20 5LQ,NR20,"Brisley, Dereham NR20 5LQ, UK"
,1,2016,Norfolk Constabulary,Norfolk Constabulary,0.935743,52.683617,On or near Dairy Crescent,E01026428,Breckland 003A,Anti-social behaviour,,,NR19 2FE,NR19,"Dereham NR19 2FE, UK"
,1,2016,Norfolk Constabulary,Norfolk Constabulary,0.938109,52.685573,On or near Sheddick Court,E01026428,Breckland 003A,Anti-social behaviour,,,NR19 2DT,NR19,"6 Sheddick Ct, Dereham NR19 2DT, UK"
,1,2016,Norfolk Constabulary,Norfolk Constabulary,0.938109,52.685573,On or near Sheddick Court,E01026428,Breckland 003A,Anti-social behaviour,,,NR19 2DT,NR19,"6 Sheddick Ct, Dereham NR19 2DT, UK"
1091f929f021f1160894d0cda8971f0491640bc6e17487a67f74d960de99be2b,1,2016,Norfolk Constabulary,Norfolk Constabulary,0.935386,52.686675,On or near Sandy Lane East,E01026428,Breckland 003A,Drugs,Offender given penalty notice,,NR19 2ED,NR19,"26 Sandy Ln E, Dereham NR19 2ED, UK"
15fc6da698580034dbea6fc3df0592e49959f3f85f89189c0e0ae62e64f7e000,1,2016,Norfolk Constabulary,Norfolk Constabulary,0.931102,52.689434,On or near Wordsworth Drive,E01026428,Breckland 003A,Possession of weapons,Under investigation,,NR19 2SB,NR19,"7 Wordsworth Dr, Dereham NR19 2SB, UK"
7e7b09ac8f73f2bc089fe394893467b3c2241f6ddd942918aa53756ddf6f7659,1,2016,Norfolk Constabulary,Norfolk Constabulary,0.935386,52.686675,On or near Sandy Lane East,E01026428,Breckland 003A,Public order,Offender given penalty notice,,NR19 2ED,NR19,"26 Sandy Ln E, Dereham NR19 2ED, UK"
64314be86e239feb9d792f2e9b1da93720be4a47703e922e3aab87d6b254a58b,1,2016,Norfolk Constabulary,Norfolk Constabulary,0.931102,52.689434,On or near Wordsworth Drive,E01026428,Breckland 003A,Violence and sexual offences,Awaiting court outcome,,NR19 2SB,NR19,"7 Wordsworth Dr, Dereham NR19 2SB, UK"
dd7dc326624a92315e84527450b9cd241b999b30cc259f1612a6dd525728e6c9,1,2016,Norfolk Constabulary,Norfolk Constabulary,0.939794,52.682681,On or near Quebec Road,E01026428,Breckland 003A,Violence and sexual offences,Under investigation,,NR19 2AX,NR19,"19 Market Pl, Dereham NR19 2AX, UK"
32dad5a5eb27599e1ef2845053b1716490aa0c9e9b5331ca47465b6e469dcd88,1,2016,Norfolk Constabulary,Norfolk Constabulary,0.931616,52.686948,On or near Girling Road,E01026428,Breckland 003A,Violence and sexual offences,Under investigation,,NR19 2RU,NR19,"23 Girling Rd, Dereham NR19 2RU, UK"
4d089c4d207cdff08e4aca45fa75e7b7054b7c02278b79072580343e16f72f44,1,2016,Norfolk Constabulary,Norfolk Constabulary,0.93722,52.683797,On or near Stanton Close,E01026428,Breckland 003A,Violence and sexual offences,Local resolution,,NR19 2DZ,NR19,"3 Stanton Cl, Dereham NR19 2DZ, UK"
bca88e0870bcd5a9d6726c079fc8624be972d0e6e290ab3f2649c9bac8c660e7,1,2016,Norfolk Constabulary,Norfolk Constabulary,0.939794,52.682681,On or near Quebec Road,E01026428,Breckland 003A,Violence and sexual offences,Investigation complete; no suspect identified,,NR19 2AX,NR19,"19 Market Pl, Dereham NR19 2AX, UK"
ff7a890be0cf04e5f57555841ef87e3fe5931ba871bf7f9f251a71c497b1ed3e,1,2016,Norfolk Constabulary,Norfolk Constabulary,0.931081,52.687798,On or near Humbletoft Road,E01026428,Breckland 003A,Violence and sexual offences,Formal action is not in the public interest,,NR19 2RT,NR19,"10 Humbletoft Rd, Dereham NR19 2RT, UK"
,1,2016,Norfolk Constabulary,Norfolk Constabulary,0.949979,52.681654,On or near Cecil Road,E01026429,Breckland 003B,Anti-social behaviour,,,NR20 4AN,NR20,"Cecil Rd, Dereham NR20 4AN, UK"
,1,2016,Norfolk Constabulary,Norfolk Constabulary,0.945902,52.685712,On or near Danesfort Drive,E01026429,Breckland 003B,Anti-social behaviour,,,NR19 2HH,NR19,"Swanton Rd, Dereham NR19 2HH, UK"
8f041f48a7703521e9cbbd36ca70b978484f02b706305048f40e9478970d6681,1,2016,Norfolk Constabulary,Norfolk Constabulary,0.948106,52.680424,On or near Ramillies Close,E01026429,Breckland 003B,Criminal damage and arson,Under investigation,,NR20 3ES,NR20,"10 Newton Ct, Norwich Rd, Dereham NR20 3ES, UK"
b3ddbb6fd8edb36039168d7672ed8603f7c994216645178c5afb9daa91ca65b6,1,2016,Norfolk Constabulary,Norfolk Constabulary,0.948106,52.680424,On or near Ramillies Close,E01026429,Breckland 003B,Other theft,Under investigation,,NR20 3ES,NR20,"10 Newton Ct, Norwich Rd, Dereham NR20 3ES, UK"
a5cc6869b9e5d1fa2fe7e4bf308f2ea75fd9ac3e2df6edcd5b3ed6a99d1e544d,1,2016,Norfolk Constabulary,Norfolk Constabulary,0.949031,52.683827,On or near Albert Myhill Close,E01026429,Breckland 003B,Public order,Awaiting court outcome,,NR20 4AT,NR20,"2 Albert Myhill Cl, Dereham NR20 4AT, UK"
a9ffac310730911c6162b6b5a605f3020fd33b924a6e9610ea24511785d323cd,1,2016,Norfolk Constabulary,Norfolk Constabulary,0.948106,52.680424,On or near Ramillies Close,E01026429,Breckland 003B,Violence and sexual offences,Local resolution,,NR20 3ES,NR20,"10 Newton Ct, Norwich Rd, Dereham NR20 3ES, UK"
3d708334a2b04f6b10111c4f469ac26f0a3879bc6d95ce1de2ad8797ac75163b,1,2016,Norfolk Constabulary,Norfolk Constabulary,0.945902,52.685712,On or near Danesfort Drive,E01026429,Breckland 003B,Violence and sexual offences,Under investigation,,NR19 2HH,NR19,"Swanton Rd, Dereham NR19 2HH, UK"
90010a2759b53ded1103785ea47bbcb498e675132349006952183e098844521b,1,2016,Norfolk Constabulary,Norfolk Constabulary,0.948106,52.680424,On or near Ramillies Close,E01026429,Breckland 003B,Violence and sexual offences,Formal action is not in the public interest,,NR20 3ES,NR20,"10 Newton Ct, Norwich Rd, Dereham NR20 3ES, UK"
9453776b934f8221506147ca224651944274cdf48bab660fa397830e0ef5cdf7,1,2016,Norfolk Constabulary,Norfolk Constabulary,0.948106,52.680424,On or near Ramillies Close,E01026429,Breckland 003B,Violence and sexual offences,Under investigation,,NR20 3ES,NR20,"10 Newton Ct, Norwich Rd, Dereham NR20 3ES, UK"
,1,2016,Norfolk Constabulary,Norfolk Constabulary,0.957119,52.690963,On or near Parking Area,E01026430,Breckland 003C,Anti-social behaviour,,,NR20 4BA,NR20,"Dereham NR20 4BA, UK"
f3a34814b7583d61222a0c7996041311ccd2c884d9959b10588cca29e0a673a8,1,2016,Norfolk Constabulary,Norfolk Constabulary,0.965978,52.679078,On or near Teasel Close,E01026430,Breckland 003C,Public order,Unable to prosecute suspect,,NR20 3SU,NR20,"12-13 Teasel Cl, Dereham NR20 3SU, UK"
f3d2e4fff7ee0d31a9547c66f9682f9e77a1398bc2ff27d3ff1a0ac6eddf8e0b,1,2016,Norfolk Constabulary,Norfolk Constabulary,0.955749,52.680107,On or near Keepers Close,E01026430,Breckland 003C,Violence and sexual offences,Under investigation,,NR20 3FF,NR20,"2 Keepers Cl, Dereham NR20 3FF, UK"
,1,2016,Norfolk Constabulary,Norfolk Constabulary,0.943293,52.691137,On or near Warner Avenue,E01026431,Breckland 003D,Anti-social behaviour,,,NR19 2HE,NR19,"3 Warner Ave, Dereham NR19 2HE, UK"
,1,2016,Norfolk Constabulary,Norfolk Constabulary,0.944895,52.686142,On or near Cemetery Road,E01026431,Breckland 003D,Anti-social behaviour,,,NR19 2ET,NR19,"26 Cemetery Rd, Dereham NR19 2ET, UK"
,1,2016,Norfolk Constabulary,Norfolk Constabulary,0.94241,52.690107,On or near Castell Road,E01026431,Breckland 003D,Anti-social behaviour,,,NR19 2HB,NR19,"4 Castell Rd, Dereham NR19 2HB, UK"
,1,2016,Norfolk Constabulary,Norfolk Constabulary,0.944895,52.686142,On or near Cemetery Road,E01026431,Breckland 003D,Anti-social behaviour,,,NR19 2ET,NR19,"26 Cemetery Rd, Dereham NR19 2ET, UK"
,1,2016,Norfolk Constabulary,Norfolk Constabulary,0.765238,52.673152,On or near Necton Road,E01026446,Breckland 004A,Anti-social behaviour,,,PE32 2DW,PE32,"44 Necton Rd, King's Lynn PE32 2DW, UK"
,1,2016,Norfolk Constabulary,Norfolk Constabulary,0.77723,52.650445,On or near Mill Street,E01026446,Breckland 004A,Anti-social behaviour,,,PE37 8EN,PE37,"Mill St, Necton, Swaffham PE37 8EN, UK"
d76c1e2213d94721e1a39ae84d8ba8e4e7a3931a8ad2433343607e391661ba01,1,2016,Norfolk Constabulary,Norfolk Constabulary,0.777414,52.648678,On or near Chantry Court,E01026446,Breckland 004A,Violence and sexual offences,Under investigation,,PE37 8HA,PE37,"23 Chantry Ct, Necton, Swaffham PE37 8HA, UK"
52bf0dca49c2a6204a46cdba62000b58a5200172e7a8ae5c3e4d08dd9329f778,1,2016,Norfolk Constabulary,Norfolk Constabulary,0.90103,52.715776,On or near Sweetbriar Gardens,E01026452,Breckland 004B,Violence and sexual offences,Unable to prosecute suspect,,NR20 4EG,NR20,"Snowberry Cottage, Bilney Rd, Gressenhall, Dereham NR20 4EG, UK"
24bb32d1c2d9eb265bbb04daef0e384a5f4375c761ce4fbb92fc66ef3b0bb361,1,2016,Norfolk Constabulary,Norfolk Constabulary,0.922743,52.678849,On or near Parking Area,E01026452,Breckland 004B,Violence and sexual offences,Formal action is not in the public interest,,NR19 2PS,NR19,"Scarning, Dereham NR19 2PS, UK"
20a9835cecf60972f1e8279c17f78ef9290cb19ec3d055560045c553a7485be6,1,2016,Norfolk Constabulary,Norfolk Constabulary,0.926212,52.677172,On or near Redfern Close,E01026452,Breckland 004B,Violence and sexual offences,Formal action is not in the public interest,,NR19 2UW,NR19,"5-13 Redfern Cl, Dereham NR19 2UW, UK"
,1,2016,Norfolk Constabulary,Norfolk Constabulary,0.874041,52.706416,On or near Chapel Road,E01026453,Breckland 004C,Anti-social behaviour,,,NR19 2RH,NR19,"The Gables, Litcham Rd, Longham, Dereham NR19 2RH, UK"
,1,2016,Norfolk Constabulary,Norfolk Constabulary,0.874041,52.706416,On or near Chapel Road,E01026453,Breckland 004C,Anti-social behaviour,,,NR19 2RH,NR19,"The Gables, Litcham Rd, Longham, Dereham NR19 2RH, UK"
,1,2016,Norfolk Constabulary,Norfolk Constabulary,0.892438,52.676338,On or near Chapel Lane,E01026453,Breckland 004C,Anti-social behaviour,,,NR19 2PB,NR19,"Scarning, Dereham NR19 2PB, UK"
877546b4490b954587fb15d2e49f4018735359654cdf772373ceb1ecfc2d9430,1,2016,Norfolk Constabulary,Norfolk Constabulary,0.858043,52.685446,On or near Dickfool'S Lane,E01026453,Breckland 004C,Vehicle crime,Investigation complete; no suspect identified,,NR19 2NF,NR19,"Dickfool's Ln, Dereham NR19 2NF, UK"
e0c7d0caf68d12b1f130ea747849e11571971d6cbfc4f15c25a0267cf589f41f,1,2016,Norfolk Constabulary,Norfolk Constabulary,0.890425,52.67118,On or near Mayfair,E01026453,Breckland 004C,Violence and sexual offences,Formal action is not in the public interest,,NR19 2LN,NR19,"2 Mayfair, Scarning, Dereham NR19 2LN, UK"
6c347114067d7c78b2587142e29724a074d6ddde574b4b08aef9a55f0719b45d,1,2016,Norfolk Constabulary,Norfolk Constabulary,0.890425,52.67118,On or near Mayfair,E01026453,Breckland 004C,Violence and sexual offences,Unable to prosecute suspect,,NR19 2LN,NR19,"2 Mayfair, Scarning, Dereham NR19 2LN, UK"
69a8b564c8f8e37cd0c6febd65a0e20c9530ea39eac47190b8d5b9061e954638,1,2016,Norfolk Constabulary,Norfolk Constabulary,0.890425,52.67118,On or near Mayfair,E01026453,Breckland 004C,Violence and sexual offences,Under investigation,,NR19 2LN,NR19,"2 Mayfair, Scarning, Dereham NR19 2LN, UK"
1dc26c9d372213d9d94641c8d04b1c27db55baae589d6cbf480945fa4fb5d907,1,2016,Norfolk Constabulary,Norfolk Constabulary,0.890425,52.67118,On or near Mayfair,E01026453,Breckland 004C,Violence and sexual offences,Formal action is not in the public interest,,NR19 2LN,NR19,"2 Mayfair, Scarning, Dereham NR19 2LN, UK"
bab79b4d993e87ba26fdef7d37c68dfa412d7ee10ba2e8041dd815de2f4e9bdf,1,2016,Norfolk Constabulary,Norfolk Constabulary,0.855122,52.679923,On or near Providence Drive,E01026453,Breckland 004C,Other crime,Under investigation,,NR19 2NE,NR19,"Providence Dr, Dereham NR19 2NE, UK"
,1,2016,Norfolk Constabulary,Norfolk Constabulary,0.927237,52.677686,On or near Harry Blunt Way,E01026454,Breckland 004D,Anti-social behaviour,,,NR19 2TU,NR19,"3 Harry Blunt Way, Dereham NR19 2TU, UK"
59eb447cb331af0f3870ae2b7108b3fe9e0639d861f8a38558c217f4a14f1470,1,2016,Norfolk Constabulary,Norfolk Constabulary,0.92855,52.676736,On or near Bluebell Close,E01026454,Breckland 004D,Violence and sexual offences,Unable to prosecute suspect,,NR19 2UQ,NR19,"32-33 Bluebell Cl, Dereham NR19 2UQ, UK"
,1,2016,Norfolk Constabulary,Norfolk Constabulary,0.939676,52.680921,On or near Church Street,E01026425,Breckland 005A,Anti-social behaviour,,,NR19 1DW,NR19,"Dereham NR19 1DW, UK"
,1,2016,Norfolk Constabulary,Norfolk Constabulary,0.943208,52.675357,On or near Swan Road,E01026425,Breckland 005A,Anti-social behaviour,,,NR19 1AG,NR19,"29 Swan Rd, Dereham NR19 1AG, UK"
,1,2016,Norfolk Constabulary,Norfolk Constabulary,0.937687,52.67267,On or near Heffer Close,E01026425,Breckland 005A,Anti-social behaviour,,,NR19 1NY,NR19,"Heffer Cl, Dereham NR19 1NY, UK"
,1,2016,Norfolk Constabulary,Norfolk Constabulary,0.937128,52.671182,On or near Howlett Close,E01026425,Breckland 005A,Anti-social behaviour,,,NR19 1PB,NR19,"7 Howlett Cl, Dereham NR19 1PB, UK"
,1,2016,Norfolk Constabulary,Norfolk Constabulary,0.943208,52.675357,On or near Swan Road,E01026425,Breckland 005A,Anti-social behaviour,,,NR19 1AG,NR19,"29 Swan Rd, Dereham NR19 1AG, UK"
,1,2016,Norfolk Constabulary,Norfolk Constabulary,0.934554,52.671408,On or near Aldiss Avenue,E01026425,Breckland 005A,Anti-social behaviour,,,NR19 1PE,NR19,"5 Aldiss Ave, Dereham NR19 1PE, UK"
,1,2016,Norfolk Constabulary,Norfolk Constabulary,0.933547,52.67271,On or near Mallard Way,E01026425,Breckland 005A,Anti-social behaviour,,,NR19 1PN,NR19,"Tebbutt Ave, Dereham NR19 1PN, UK"
,1,2016,Norfolk Constabulary,Norfolk Constabulary,0.939676,52.680921,On or near Church Street,E01026425,Breckland 005A,Anti-social behaviour,,,NR19 1DW,NR19,"Dereham NR19 1DW, UK"
b6449371256101d90c8694f4ee9c22d2bd8cea87be04b0c1ab2edc96efe6dc3f,1,2016,Norfolk Constabulary,Norfolk Constabulary,0.937944,52.671872,On or near Hyde Road,E01026425,Breckland 005A,Burglary,Offender sent to prison,,NR19 1NZ,NR19,"8-10 Hyde Rd, Dereham NR19 1NZ, UK"
6bb58235f80ffa4254cdb6935cc2f308f794f3ce82aa7b0f1579af50232b9ab2,1,2016,Norfolk Constabulary,Norfolk Constabulary,0.939676,52.680921,On or near Church Street,E01026425,Breckland 005A,Criminal damage and arson,Investigation complete; no suspect identified,,NR19 1DW,NR19,"Dereham NR19 1DW, UK"
84410dc6eec6f0fcae3cab5176e5dbf632580605b2b42f2ac32fa7ddca2c3c0a,1,2016,Norfolk Constabulary,Norfolk Constabulary,0.933547,52.67271,On or near Mallard Way,E01026425,Breckland 005A,Criminal damage and arson,Investigation complete; no suspect identified,,NR19 1PN,NR19,"Tebbutt Ave, Dereham NR19 1PN, UK"
83c5bc8dbb5ad69b56b5e4045a958c50bc8e29c5a4dbfbe99cff29844254aa72,1,2016,Norfolk Constabulary,Norfolk Constabulary,0.938486,52.679728,On or near St Withburga Lane,E01026425,Breckland 005A,Criminal damage and arson,Investigation complete; no suspect identified,,NR19 1ED,NR19,"4 St Withburga Ln, Dereham NR19 1ED, UK"
f6070fb27ec54acaf2e6a5598558162db9f6419d2d59e22bcfa4ac84c5051f28,1,2016,Norfolk Constabulary,Norfolk Constabulary,0.932673,52.67248,On or near Johnson Close,E01026425,Breckland 005A,Other theft,Investigation complete; no suspect identified,,NR19 1PL,NR19,"2-3 Johnson Cl, Dereham NR19 1PL, UK"
fc0ad1a212083241d1532542500c8ec5082e66ea9f9b9d2a6e89cc9dd549c733,1,2016,Norfolk Constabulary,Norfolk Constabulary,0.939676,52.680921,On or near Church Street,E01026425,Breckland 005A,Public order,Offender given a caution,,NR19 1DW,NR19,"Dereham NR19 1DW, UK"
a4ed0a09d6e97082106b8ca002c559b902799bc4c9a67a68bb6490f56d39a87b,1,2016,Norfolk Constabulary,Norfolk Constabulary,0.940934,52.677401,On or near Baxter Row,E01026425,Breckland 005A,Vehicle crime,Investigation complete; no suspect identified,,NR19 1AY,NR19,"38 Baxter Row, Dereham NR19 1AY, UK"
41e4b7fd2fb99377b0dcd04aa11e188723ab0cdaf70c185dee4005253731d13d,1,2016,Norfolk Constabulary,Norfolk Constabulary,0.938486,52.679728,On or near St Withburga Lane,E01026425,Breckland 005A,Vehicle crime,Awaiting court outcome,,NR19 1ED,NR19,"4 St Withburga Ln, Dereham NR19 1ED, UK"
4f1dea280acd7ab9fa72b309b1e682557c326edf672d496fc352d2c05ff81679,1,2016,Norfolk Constabulary,Norfolk Constabulary,0.934554,52.671408,On or near Aldiss Avenue,E01026425,Breckland 005A,Violence and sexual offences,Unable to prosecute suspect,,NR19 1PE,NR19,"5 Aldiss Ave, Dereham NR19 1PE, UK"
65b9a5391150a8ebab6036f322d6bd517eec0d9d3dd73797e0f4eb6bdebef6f2,1,2016,Norfolk Constabulary,Norfolk Constabulary,0.937944,52.671872,On or near Hyde Road,E01026425,Breckland 005A,Violence and sexual offences,Local resolution,,NR19 1NZ,NR19,"8-10 Hyde Rd, Dereham NR19 1NZ, UK"
70aacb01516e5e98ef1b627863cbebf28a9b0e98db2f041be1d0565622ed0c56,1,2016,Norfolk Constabulary,Norfolk Constabulary,0.937194,52.680533,On or near Washbridge,E01026425,Breckland 005A,Violence and sexual offences,Formal action is not in the public interest,,NR19 1EB,NR19,"2 Washbridge, Dereham NR19 1EB, UK"
94fe2c5e377cb3dc4cbd82f639f3df07f6497dd64a3a75fa3bc38ef49d3d81a7,1,2016,Norfolk Constabulary,Norfolk Constabulary,0.937128,52.671182,On or near Howlett Close,E01026425,Breckland 005A,Violence and sexual offences,Formal action is not in the public interest,,NR19 1PB,NR19,"7 Howlett Cl, Dereham NR19 1PB, UK"
db54ea4408f4d79265d82ba2ec58360f49aabb04ad6f36a43df0655397e9b5bd,1,2016,Norfolk Constabulary,Norfolk Constabulary,0.931713,52.672503,On or near Crane Close,E01026425,Breckland 005A,Violence and sexual offences,Formal action is not in the public interest,,NR19 1PJ,NR19,"7 Crane Cl, Dereham NR19 1PJ, UK"
981825f9562dd5aa8453cf7b82f3b84bfe0826e03d801f6b33236256ac50672c,1,2016,Norfolk Constabulary,Norfolk Constabulary,0.937759,52.675735,On or near Sardis Way,E01026425,Breckland 005A,Violence and sexual offences,Formal action is not in the public interest,,NR19 1BN,NR19,"5 Sardis Way, Dereham NR19 1BN, UK"
b59800d0c36ea2e985bd07de89d731827edc97db9a0560f9f76a670c81597c8b,1,2016,Norfolk Constabulary,Norfolk Constabulary,0.939676,52.680921,On or near Church Street,E01026425,Breckland 005A,Violence and sexual offences,Formal action is not in the public interest,,NR19 1DW,NR19,"Dereham NR19 1DW, UK"
4392b906d6ce8fb207db0c621b5330f16b27d4db25549647545cf79b6e401adc,1,2016,Norfolk Constabulary,Norfolk Constabulary,0.937128,52.671182,On or near Howlett Close,E01026425,Breckland 005A,Violence and sexual offences,Awaiting court outcome,,NR19 1PB,NR19,"7 Howlett Cl, Dereham NR19 1PB, UK"
2623834b4490aebe6beb9990aaeaad63319e8c5efea02358e158b4857c18b9af,1,2016,Norfolk Constabulary,Norfolk Constabulary,0.941203,52.676791,On or near Howard Crescent,E01026425,Breckland 005A,Violence and sexual offences,Formal action is not in the public interest,,NR19 1EF,NR19,"1 Howard Cres, Dereham NR19 1EF, UK"
,1,2016,Norfolk Constabulary,Norfolk Constabulary,0.94271,52.681808,On or near Olney Road,E01026426,Breckland 005B,Anti-social behaviour,,,NR19 2BF,NR19,"Dereham NR19 2BF, UK"
,1,2016,Norfolk Constabulary,Norfolk Constabulary,0.939768,52.681845,On or near Nightclub,E01026426,Breckland 005B,Anti-social behaviour,,,NR19 2AL,NR19,"14 Market Pl, Dereham NR19 2AL, UK"
,1,2016,Norfolk Constabulary,Norfolk Constabulary,0.943378,52.678986,On or near Cross Way,E01026426,Breckland 005B,Anti-social behaviour,,,NR19 1FF,NR19,"Cross Way, Dereham NR19 1FF, UK"
,1,2016,Norfolk Constabulary,Norfolk Constabulary,0.940219,52.681951,On or near Ruthen Place,E01026426,Breckland 005B,Anti-social behaviour,,,NR19 2AX,NR19,"Glencoe Court, Dereham NR19 2AX, UK"
,1,2016,Norfolk Constabulary,Norfolk Constabulary,0.940219,52.681951,On or near Ruthen Place,E01026426,Breckland 005B,Anti-social behaviour,,,NR19 2AX,NR19,"Glencoe Court, Dereham NR19 2AX, UK"
,1,2016,Norfolk Constabulary,Norfolk Constabulary,0.940658,52.681229,On or near Red Lion Street,E01026426,Breckland 005B,Anti-social behaviour,,,NR19 1EA,NR19,"Nelson Place, Dereham NR19 1EA, UK"
,1,2016,Norfolk Constabulary,Norfolk Constabulary,0.941145,52.680327,On or near High Street,E01026426,Breckland 005B,Anti-social behaviour,,,NR19 1DY,NR19,"11 High St, Dereham NR19 1DY, UK"
,1,2016,Norfolk Constabulary,Norfolk Constabulary,0.941318,52.681357,On or near Supermarket,E01026426,Breckland 005B,Anti-social behaviour,,,NR19 2AP,NR19,"36-37 Market Pl, Dereham NR19 2AP, UK"
,1,2016,Norfolk Constabulary,Norfolk Constabulary,0.939975,52.681633,On or near Quebec Street,E01026426,Breckland 005B,Anti-social behaviour,,,NR19 2DJ,NR19,"23 Quebec St, Dereham NR19 2DJ, UK"
,1,2016,Norfolk Constabulary,Norfolk Constabulary,0.940658,52.681229,On or near Red Lion Street,E01026426,Breckland 005B,Anti-social behaviour,,,NR19 1EA,NR19,"Nelson Place, Dereham NR19 1EA, UK"
,1,2016,Norfolk Constabulary,Norfolk Constabulary,0.94395,52.678477,On or near Commercial Road,E01026426,Breckland 005B,Anti-social behaviour,,,NR19 1AE,NR19,"37-49 Commercial Rd, Dereham NR19 1AE, UK"
,1,2016,Norfolk Constabulary,Norfolk Constabulary,0.940658,52.681229,On or near Red Lion Street,E01026426,Breckland 005B,Anti-social behaviour,,,NR19 1EA,NR19,"Nelson Place, Dereham NR19 1EA, UK"
,1,2016,Norfolk Constabulary,Norfolk Constabulary,0.940658,52.681229,On or near Red Lion Street,E01026426,Breckland 005B,Anti-social behaviour,,,NR19 1EA,NR19,"Nelson Place, Dereham NR19 1EA, UK"
5320683b4c3fef622abeddb0067e4dfd5afcbdd3955cb66806ae276f470789e6,1,2016,Norfolk Constabulary,Norfolk Constabulary,0.960155,52.677434,On or near Bramley Road,E01026426,Breckland 005B,Burglary,Investigation complete; no suspect identified,,NR20 3TH,NR20,"23-25 Bramley Rd, Dereham NR20 3TH, UK"
388a9f32566add32fd94910f1b92502c87b6ece0d166f74907a6a3d9beac318b,1,2016,Norfolk Constabulary,Norfolk Constabulary,0.937555,52.682826,On or near Swaffham Road,E01026426,Breckland 005B,Criminal damage and arson,Investigation complete; no suspect identified,,NR19 2BA,NR19,"27 Swaffham Rd, Dereham NR19 2BA, UK"
9cd56a6a6838385932aa2460e7b1e52b29f7179688d92ea42f1564436735eb6f,1,2016,Norfolk Constabulary,Norfolk Constabulary,0.937555,52.682826,On or near Swaffham Road,E01026426,Breckland 005B,Criminal damage and arson,Investigation complete; no suspect identified,,NR19 2BA,NR19,"27 Swaffham Rd, Dereham NR19 2BA, UK"
9b778dd331fb008508af225cdd67ace50c26987cc52e90539ca8baabe31e49f9,1,2016,Norfolk Constabulary,Norfolk Constabulary,0.937555,52.682826,On or near Swaffham Road,E01026426,Breckland 005B,Criminal damage and arson,Investigation complete; no suspect identified,,NR19 2BA,NR19,"27 Swaffham Rd, Dereham NR19 2BA, UK"
f186e054a1a084e13641fe897fa699b2ad54f56fb4ef46a12fc8b3d1ad1feb89,1,2016,Norfolk Constabulary,Norfolk Constabulary,0.94395,52.678477,On or near Commercial Road,E01026426,Breckland 005B,Criminal damage and arson,Investigation complete; no suspect identified,,NR19 1AE,NR19,"37-49 Commercial Rd, Dereham NR19 1AE, UK"
faf569ab0c60329b54f4e7489f7e73bbb8801411c43c9f336ecf0f777ac2e594,1,2016,Norfolk Constabulary,Norfolk Constabulary,0.952026,52.674265,On or near Ambassador Way,E01026426,Breckland 005B,Criminal damage and arson,Investigation complete; no suspect identified,,NR20 3TL,NR20,"Ambassador Way, Dereham NR20 3TL, UK"
3b4e912f0b3d99d2bdd5c1433a26d55b8f4df464319442e10a0ab4bcf0d6c8ac,1,2016,Norfolk Constabulary,Norfolk Constabulary,0.935623,52.682703,On or near Parking Area,E01026426,Breckland 005B,Criminal damage and arson,Under investigation,,NR19 2DL,NR19,"54 Swaffham Rd, Dereham NR19 2DL, UK"
7f198740a36054f0e5a29d049956c1938b84250b424cfd0287682deda1b8f2e1,1,2016,Norfolk Constabulary,Norfolk Constabulary,0.939768,52.681845,On or near Nightclub,E01026426,Breckland 005B,Criminal damage and arson,Investigation complete; no suspect identified,,NR19 2AL,NR19,"14 Market Pl, Dereham NR19 2AL, UK"
e6549bd70751e0310390fc7a31bb46c4ee181de770e2f1581d466f929ed1a89e,1,2016,Norfolk Constabulary,Norfolk Constabulary,0.939975,52.681633,On or near Quebec Street,E01026426,Breckland 005B,Criminal damage and arson,Unable to prosecute suspect,,NR19 2DJ,NR19,"23 Quebec St, Dereham NR19 2DJ, UK"
c892c245cd971932fed76279cdd282af292c20f3bb7c153470bc52ef0d709411,1,2016,Norfolk Constabulary,Norfolk Constabulary,0.940658,52.681229,On or near Red Lion Street,E01026426,Breckland 005B,Criminal damage and arson,Investigation complete; no suspect identified,,NR19 1EA,NR19,"Nelson Place, Dereham NR19 1EA, UK"
b2f524f6a67f90c9c1fe827fe9459f688d899af0fedca7c446efba4975421e6b,1,2016,Norfolk Constabulary,Norfolk Constabulary,0.940219,52.681951,On or near Ruthen Place,E01026426,Breckland 005B,Drugs,Offender given a caution,,NR19 2AX,NR19,"Glencoe Court, Dereham NR19 2AX, UK"
edc51ad990c54ca87e14da748a9b09d11ff1eeb175d80da88c5b57bcca339326,1,2016,Norfolk Constabulary,Norfolk Constabulary,0.941805,52.678476,On or near Banyard Place,E01026426,Breckland 005B,Other theft,Investigation complete; no suspect identified,,NR19 1AT,NR19,"12 Banyard Pl, Dereham NR19 1AT, UK"
77771cfc2e199d5bd0f13eed556f65dc03e930613e2e1d9503550c4caad91f80,1,2016,Norfolk Constabulary,Norfolk Constabulary,0.940021,52.678134,On or near Courtenay Close,E01026426,Breckland 005B,Other theft,Formal action is not in the public interest,,NR19 1BE,NR19,"Courtenay Cl, Dereham NR19 1BE, UK"
2ae926320094f85958011d67a07b8d8eb6717bace5c5efe3bc7c5901a00d628c,1,2016,Norfolk Constabulary,Norfolk Constabulary,0.94663,52.678932,On or near Petrol Station,E01026426,Breckland 005B,Other theft,Under investigation,,NR19 1DF,NR19,"8 Station Rd, Dereham NR19 1DF, UK"
887593a4c0e748b7e578d8c152a0f8b7d988d019fa265620660a618ba6d8f249,1,2016,Norfolk Constabulary,Norfolk Constabulary,0.939975,52.681633,On or near Quebec Street,E01026426,Breckland 005B,Other theft,Under investigation,,NR19 2DJ,NR19,"23 Quebec St, Dereham NR19 2DJ, UK"
daa026b365c7ec125acf136e42ca46cc9750df777a48da7dff2ef40f297a3641,1,2016,Norfolk Constabulary,Norfolk Constabulary,0.941145,52.680327,On or near High Street,E01026426,Breckland 005B,Possession of weapons,Under investigation,,NR19 1DY,NR19,"11 High St, Dereham NR19 1DY, UK"
e3c2c7620654ba3e92b2e9ba3ce407c896a15233ae2b06599f34261e5a233828,1,2016,Norfolk Constabulary,Norfolk Constabulary,0.935623,52.682703,On or near Parking Area,E01026426,Breckland 005B,Public order,Under investigation,,NR19 2DL,NR19,"54 Swaffham Rd, Dereham NR19 2DL, UK"
ae4426c16b5323e923061451e8903f02ac4ff527d21121f5a5b78c8b2151e776,1,2016,Norfolk Constabulary,Norfolk Constabulary,0.939975,52.681633,On or near Quebec Street,E01026426,Breckland 005B,Public order,Under investigation,,NR19 2DJ,NR19,"23 Quebec St, Dereham NR19 2DJ, UK"
27a281d6785cc5189ac2787c1cfb720d24e09eae07419ee0bbf7ff4192712238,1,2016,Norfolk Constabulary,Norfolk Constabulary,0.943378,52.678986,On or near Cross Way,E01026426,Breckland 005B,Public order,Investigation complete; no suspect identified,,NR19 1FF,NR19,"Cross Way, Dereham NR19 1FF, UK"
fa818634c0ae1d6f7a8ec5c188f6c365046b4d8bede5efdaa8429449dfb9359b,1,2016,Norfolk Constabulary,Norfolk Constabulary,0.941318,52.681357,On or near Supermarket,E01026426,Breckland 005B,Shoplifting,Under investigation,,NR19 2AP,NR19,"36-37 Market Pl, Dereham NR19 2AP, UK"
90edadc05b7994dc61159de4a83dc2af9b1cec2483d022735cfca5c77af0c488,1,2016,Norfolk Constabulary,Norfolk Constabulary,0.94256,52.679366,On or near Wright'S Walk,E01026426,Breckland 005B,Shoplifting,Local resolution,,NR19 1TR,NR19,"8 Wright's Walk, Dereham NR19 1TR, UK"
161c8a11751c0d3899ae08fa271733a86d58eda03eef0f679187700cc971588e,1,2016,Norfolk Constabulary,Norfolk Constabulary,0.94256,52.679366,On or near Wright'S Walk,E01026426,Breckland 005B,Shoplifting,Under investigation,,NR19 1TR,NR19,"8 Wright's Walk, Dereham NR19 1TR, UK"
485e7d3d3d7ae7174d2b2d4f1927809e759b7b19e3606fc7a7897d41b7914402,1,2016,Norfolk Constabulary,Norfolk Constabulary,0.94256,52.679366,On or near Wright'S Walk,E01026426,Breckland 005B,Shoplifting,Under investigation,,NR19 1TR,NR19,"8 Wright's Walk, Dereham NR19 1TR, UK"
eff60d2da68194bf8e72618d3a291ea6297fed682bc259fb6c5e1538e7389a2f,1,2016,Norfolk Constabulary,Norfolk Constabulary,0.941318,52.681357,On or near Supermarket,E01026426,Breckland 005B,Shoplifting,Under investigation,,NR19 2AP,NR19,"36-37 Market Pl, Dereham NR19 2AP, UK"
25677ce0d024ad3292775a97a1847a2485853d7ef80c25129e0b5c42e90d023b,1,2016,Norfolk Constabulary,Norfolk Constabulary,0.94256,52.679366,On or near Wright'S Walk,E01026426,Breckland 005B,Violence and sexual offences,Under investigation,,NR19 1TR,NR19,"8 Wright's Walk, Dereham NR19 1TR, UK"
77ca67560fdd4cd66d3947b3d6db9ba25775b377939799a387a4f2336ece7f26,1,2016,Norfolk Constabulary,Norfolk Constabulary,0.937555,52.682826,On or near Swaffham Road,E01026426,Breckland 005B,Violence and sexual offences,Awaiting court outcome,,NR19 2BA,NR19,"27 Swaffham Rd, Dereham NR19 2BA, UK"
6b964672b1876327b8b59cd0b51fe5fe8cf72f8c2085efd61c51e863a16fb823,1,2016,Norfolk Constabulary,Norfolk Constabulary,0.94256,52.679366,On or near Wright'S Walk,E01026426,Breckland 005B,Violence and sexual offences,Under investigation,,NR19 1TR,NR19,"8 Wright's Walk, Dereham NR19 1TR, UK"
8d6e457d38bd0c712ae9bc951a6d395396792ab160e254ad4b6cf1e79cb0a201,1,2016,Norfolk Constabulary,Norfolk Constabulary,0.946754,52.680997,On or near Matsell Way,E01026426,Breckland 005B,Violence and sexual offences,Under investigation,,NR19 2XE,NR19,"6 Matsell Way, Dereham NR19 2XE, UK"
5ff56e11b742075414e3f30d4fac7cb31be512de4d3eeaa66b60658a7018c0bd,1,2016,Norfolk Constabulary,Norfolk Constabulary,0.940658,52.681229,On or near Red Lion Street,E01026426,Breckland 005B,Violence and sexual offences,Formal action is not in the public interest,,NR19 1EA,NR19,"Nelson Place, Dereham NR19 1EA, UK"
b9e58dab569f873d5c75a0df62c759401d35a0145f7949064e8f71356482e68b,1,2016,Norfolk Constabulary,Norfolk Constabulary,0.942053,52.680188,On or near Chapel Mews,E01026426,Breckland 005B,Violence and sexual offences,Unable to prosecute suspect,,NR19 1BX,NR19,"17 Norwich St, Dereham NR19 1BX, UK"
7f4ebd306dd364231966d3fdd27c3e9c3f71213a265f84f16216f5da082c4766,1,2016,Norfolk Constabulary,Norfolk Constabulary,0.940021,52.678134,On or near Courtenay Close,E01026426,Breckland 005B,Violence and sexual offences,Under investigation,,NR19 1BE,NR19,"Courtenay Cl, Dereham NR19 1BE, UK"
914f7691c55b4340ec106de1dc17e7bf938c8377f5baf034fe6ea1d23c7dce56,1,2016,Norfolk Constabulary,Norfolk Constabulary,0.946537,52.674698,On or near Yaxham Road,E01026426,Breckland 005B,Violence and sexual offences,Under investigation,,NR19 1HA,NR19,"10 Yaxham Rd, Dereham NR19 1HA, UK"
724158e1f4dbb9c42a2804b0958262263dd2e54850fdb6ccc2b3b83e8e464dee,1,2016,Norfolk Constabulary,Norfolk Constabulary,0.935623,52.682703,On or near Parking Area,E01026426,Breckland 005B,Violence and sexual offences,Awaiting court outcome,,NR19 2DL,NR19,"54 Swaffham Rd, Dereham NR19 2DL, UK"
50f6205b3e2ad7f7a6c8d9f56c408aa544c45a8b50e067a817a61469d4b56a57,1,2016,Norfolk Constabulary,Norfolk Constabulary,0.94663,52.678932,On or near Petrol Station,E01026426,Breckland 005B,Violence and sexual offences,Under investigation,,NR19 1DF,NR19,"8 Station Rd, Dereham NR19 1DF, UK"
046e5e889e9bc70fc98db9d661a16b528de75389b0a8cb91cac18bb002d8632b,1,2016,Norfolk Constabulary,Norfolk Constabulary,0.941805,52.678476,On or near Banyard Place,E01026426,Breckland 005B,Violence and sexual offences,Local resolution,,NR19 1AT,NR19,"12 Banyard Pl, Dereham NR19 1AT, UK"
c5bc0e32708acbe46418255b82be15a1fe8c616ebbe12be0569812492b995312,1,2016,Norfolk Constabulary,Norfolk Constabulary,0.935623,52.682703,On or near Parking Area,E01026426,Breckland 005B,Violence and sexual offences,Awaiting court outcome,,NR19 2DL,NR19,"54 Swaffham Rd, Dereham NR19 2DL, UK"
54092c475b214b140a81673113bc94ab8816ca0a07d8ca185db854fb02d7960c,1,2016,Norfolk Constabulary,Norfolk Constabulary,0.935623,52.682703,On or near Parking Area,E01026426,Breckland 005B,Violence and sexual offences,Awaiting court outcome,,NR19 2DL,NR19,"54 Swaffham Rd, Dereham NR19 2DL, UK"
6135af2892d6b615c7a2e3989808b4b389980f83f3c263b7adce3d660bcf9d2b,1,2016,Norfolk Constabulary,Norfolk Constabulary,0.935623,52.682703,On or near Parking Area,E01026426,Breckland 005B,Violence and sexual offences,Awaiting court outcome,,NR19 2DL,NR19,"54 Swaffham Rd, Dereham NR19 2DL, UK"
b1e9627d76223b29651a4abbed2ed19be00e0fa9f362664d459a837450882310,1,2016,Norfolk Constabulary,Norfolk Constabulary,0.945212,52.675891,On or near Petrol Station,E01026426,Breckland 005B,Violence and sexual offences,Local resolution,,NR19 1SU,NR19,"Station Rd, Dereham NR19 1SU, UK"
8d9aa687e86fa10a1c55b292ac11905636d10ff4faafa586bd8b55b7276d93bc,1,2016,Norfolk Constabulary,Norfolk Constabulary,0.941805,52.678476,On or near Banyard Place,E01026426,Breckland 005B,Violence and sexual offences,Under investigation,,NR19 1AT,NR19,"12 Banyard Pl, Dereham NR19 1AT, UK"
6b13de29390792c80deb1b65f3e6ed154cebc6575fa7a0aff2aa728e66f0ea1e,1,2016,Norfolk Constabulary,Norfolk Constabulary,0.942053,52.680188,On or near Chapel Mews,E01026426,Breckland 005B,Violence and sexual offences,Investigation complete; no suspect identified,,NR19 1BX,NR19,"17 Norwich St, Dereham NR19 1BX, UK"
35258b11656bd304afd618d9f9290c1f0edd00dac6bd6a48ad8ffe3a2c33024f,1,2016,Norfolk Constabulary,Norfolk Constabulary,0.937555,52.682826,On or near Swaffham Road,E01026426,Breckland 005B,Violence and sexual offences,Awaiting court outcome,,NR19 2BA,NR19,"27 Swaffham Rd, Dereham NR19 2BA, UK"
b0aab87a7807f635405598124f7aacd1f3809106b57672c3ed9660910ec0e2a6,1,2016,Norfolk Constabulary,Norfolk Constabulary,0.937555,52.682826,On or near Swaffham Road,E01026426,Breckland 005B,Violence and sexual offences,Awaiting court outcome,,NR19 2BA,NR19,"27 Swaffham Rd, Dereham NR19 2BA, UK"
d59c554fd78feb4ab4e2f3a400b34bafb06653cb582d96aedf61683ae5554d6c,1,2016,Norfolk Constabulary,Norfolk Constabulary,0.94663,52.678932,On or near Petrol Station,E01026426,Breckland 005B,Violence and sexual offences,Investigation complete; no suspect identified,,NR19 1DF,NR19,"8 Station Rd, Dereham NR19 1DF, UK"
06a84c45f52d646cd5c930f3f4ec192cf5d042ba5a0154cf7ac00f8348d3503c,1,2016,Norfolk Constabulary,Norfolk Constabulary,0.94256,52.679366,On or near Wright'S Walk,E01026426,Breckland 005B,Violence and sexual offences,Under investigation,,NR19 1TR,NR19,"8 Wright's Walk, Dereham NR19 1TR, UK"
3a01a7b615bac75f6f597e5576091a39a7ae7f2a3ed098bfdc282300f0dc888b,1,2016,Norfolk Constabulary,Norfolk Constabulary,0.941805,52.678476,On or near Banyard Place,E01026426,Breckland 005B,Violence and sexual offences,Formal action is not in the public interest,,NR19 1AT,NR19,"12 Banyard Pl, Dereham NR19 1AT, UK"
,1,2016,Norfolk Constabulary,Norfolk Constabulary,0.943924,52.672803,On or near Russet Way,E01026427,Breckland 005C,Anti-social behaviour,,,NR19 1GX,NR19,"1 Russet Way, Dereham NR19 1GX, UK"
,1,2016,Norfolk Constabulary,Norfolk Constabulary,0.946581,52.672944,On or near Tavern Lane,E01026427,Breckland 005C,Anti-social behaviour,,,NR19 1PX,NR19,"Tavern Ln, Dereham NR19 1PX, UK"
,1,2016,Norfolk Constabulary,Norfolk Constabulary,0.951832,52.673802,On or near Greens Road,E01026427,Breckland 005C,Anti-social behaviour,,,NR20 3TR,NR20,"2 Greens Rd, Dereham NR20 3TR, UK"
baa43fca8d617980b69d5963c42520b8163e138e59c67e58b7f29dc1510c647a,1,2016,Norfolk Constabulary,Norfolk Constabulary,0.954839,52.669914,On or near George Borrow Road,E01026427,Breckland 005C,Criminal damage and arson,Investigation complete; no suspect identified,,NR19 1HH,NR19,"10 George Borrow Rd, Dereham NR19 1HH, UK"
e1b9f75d3ef05d70b073a2d9d828d63adf38e652d4d8f425c022fecb6717cc5d,1,2016,Norfolk Constabulary,Norfolk Constabulary,0.954466,52.671407,On or near Petrol Station,E01026427,Breckland 005C,Other theft,Unable to prosecute suspect,,NR19,NR19,"Kingston Rd, Dereham NR19, UK"
de55cc6ef795228de4a441d8dc188428781862e297c0c8602eb6911a80d7c316,1,2016,Norfolk Constabulary,Norfolk Constabulary,0.943924,52.672803,On or near Russet Way,E01026427,Breckland 005C,Other theft,Local resolution,,NR19 1GX,NR19,"1 Russet Way, Dereham NR19 1GX, UK"
2331c7b2e219a26867a6cd922c8ce4688a111a792f37e10d9b2a3644ed786a06,1,2016,Norfolk Constabulary,Norfolk Constabulary,0.952434,52.668688,On or near Stephen Beaumont Way,E01026427,Breckland 005C,Vehicle crime,Under investigation,,NR19 1AJ,NR19,"Yaxham Rd, Dereham NR19 1AJ, UK"
502d6903b2078f019b6e0ac59a58e6c5a2d66c8139629d8e0bb2a2bbcea9b1dc,1,2016,Norfolk Constabulary,Norfolk Constabulary,0.942774,52.671986,On or near South Green Gardens,E01026427,Breckland 005C,Violence and sexual offences,Under investigation,,NR19 1PY,NR19,"20 S Green Gardens, Dereham NR19 1PY, UK"
a477337f5e0ea37ac4f30ebabe70f2980eabe92943317863898531590fa4592e,1,2016,Norfolk Constabulary,Norfolk Constabulary,0.94178,52.673702,On or near Metamec Drive,E01026427,Breckland 005C,Violence and sexual offences,Under investigation,,NR19 1TT,NR19,"22 Thorp Ct, S Green, Dereham NR19 1TT, UK"
1e97fe3eeea25fe2809a6ae32869cc7a4f78e2b310a8051e34db4e6ec76b0f61,1,2016,Norfolk Constabulary,Norfolk Constabulary,0.954839,52.669914,On or near George Borrow Road,E01026427,Breckland 005C,Violence and sexual offences,Under investigation,,NR19 1HH,NR19,"10 George Borrow Rd, Dereham NR19 1HH, UK"
,1,2016,Norfolk Constabulary,Norfolk Constabulary,0.931836,52.666385,On or near Luxembourg Way,E01026432,Breckland 005D,Anti-social behaviour,,,NR19 1XS,NR19,"17 Luxembourg Way, Dereham NR19 1XS, UK"
,1,2016,Norfolk Constabulary,Norfolk Constabulary,0.928405,52.66308,On or near Zara Way,E01026433,Breckland 005E,Anti-social behaviour,,,NR19 1UE,NR19,"22 Hill Fields, Dereham NR19 1UE, UK"
,1,2016,Norfolk Constabulary,Norfolk Constabulary,0.929083,52.663926,On or near Hill Fields,E01026433,Breckland 005E,Anti-social behaviour,,,NR19 1UE,NR19,"8 Hill Fields, Dereham NR19 1UE, UK"
,1,2016,Norfolk Constabulary,Norfolk Constabulary,0.929785,52.662704,On or near Charles Close,E01026433,Breckland 005E,Anti-social behaviour,,,NR19 1TN,NR19,"67 Charles Cl, Dereham NR19 1TN, UK"
,1,2016,Norfolk Constabulary,Norfolk Constabulary,0.929785,52.662704,On or near Charles Close,E01026433,Breckland 005E,Anti-social behaviour,,,NR19 1TN,NR19,"67 Charles Cl, Dereham NR19 1TN, UK"
b82f003839c5104a09ad7f55cf4e1eda5f3bc7cebc68b0ccc496cc33fccce27f,1,2016,Norfolk Constabulary,Norfolk Constabulary,0.929785,52.662704,On or near Charles Close,E01026433,Breckland 005E,Criminal damage and arson,Under investigation,,NR19 1TN,NR19,"67 Charles Cl, Dereham NR19 1TN, UK"
492182874bac1bb6b590c1948fdbbc63d4dd82554daf03e60a3214bc220285d0,1,2016,Norfolk Constabulary,Norfolk Constabulary,0.929785,52.662704,On or near Charles Close,E01026433,Breckland 005E,Public order,Formal action is not in the public interest,,NR19 1TN,NR19,"67 Charles Cl, Dereham NR19 1TN, UK"
7722b4c654850d0e825dd7ca6cb18dbb2454b45da75c68c9a38256b7a5c3eea5,1,2016,Norfolk Constabulary,Norfolk Constabulary,0.932216,52.662338,On or near Recreation Road,E01026433,Breckland 005E,Violence and sexual offences,Under investigation,,NR19 1TB,NR19,"3 Recreation Rd, Dereham NR19 1TB, UK"
9b35328debec88ca98d98a6c6ffceae4f4bdad8f7b234607bf27e7640005de49,1,2016,Norfolk Constabulary,Norfolk Constabulary,0.929785,52.662704,On or near Charles Close,E01026433,Breckland 005E,Violence and sexual offences,Under investigation,,NR19 1TN,NR19,"67 Charles Cl, Dereham NR19 1TN, UK"
c3dcf7ee27bb23fc91a671ca7b17b22e88f119ed698617bb850567c4b9f65d1e,1,2016,Norfolk Constabulary,Norfolk Constabulary,0.929785,52.662704,On or near Charles Close,E01026433,Breckland 005E,Violence and sexual offences,Under investigation,,NR19 1TN,NR19,"67 Charles Cl, Dereham NR19 1TN, UK"
df86b3628b9370f4f87a71af3869ca6c297402cf3f3af8a271dbcef61a86a572,1,2016,Norfolk Constabulary,Norfolk Constabulary,0.929472,52.666866,On or near Lisbon Road,E01026433,Breckland 005E,Violence and sexual offences,Under investigation,,NR19 1XQ,NR19,"11 Lisbon Rd, Dereham NR19 1XQ, UK"
3844f74cd7b6c7363b52dbd9fb94457011d89e394ed3646e6c6759ec5e092e09,1,2016,Norfolk Constabulary,Norfolk Constabulary,0.929472,52.666866,On or near Lisbon Road,E01026433,Breckland 005E,Violence and sexual offences,Under investigation,,NR19 1XQ,NR19,"11 Lisbon Rd, Dereham NR19 1XQ, UK"
8916dad7b9a59e600bcc62dd8285fdfc529c8295e0536842bf14f58a372616b3,1,2016,Norfolk Constabulary,Norfolk Constabulary,0.929083,52.663926,On or near Hill Fields,E01026433,Breckland 005E,Violence and sexual offences,Formal action is not in the public interest,,NR19 1UE,NR19,"8 Hill Fields, Dereham NR19 1UE, UK"
,1,2016,Norfolk Constabulary,Norfolk Constabulary,0.929391,52.663667,On or near Peters Close,E01026434,Breckland 005F,Anti-social behaviour,,,NR19 1UF,NR19,"11 Peters Cl, Dereham NR19 1UF, UK"
3a0e205ed1106e2e7c077c0f57392a745dc6d93c3d45e35d4218d96b76740d5b,1,2016,Norfolk Constabulary,Norfolk Constabulary,0.936982,52.659531,On or near Nidus Gardens,E01026434,Breckland 005F,Burglary,Awaiting court outcome,,NR19 1FL,NR19,"1 Nidus Gardens, Dereham NR19 1FL, UK"
5991f83dee368dd08f68209a41d92528aaef7988a8dc70573f8ce45d363e7f9f,1,2016,Norfolk Constabulary,Norfolk Constabulary,0.940699,52.665977,On or near Chapel Lane,E01026434,Breckland 005F,Burglary,Formal action is not in the public interest,,NR19 1LD,NR19,"Chapel Ln, Dereham NR19 1LD, UK"
,1,2016,Norfolk Constabulary,Norfolk Constabulary,1.036391,52.679893,On or near Fox Lane,E01026479,Breckland 006A,Anti-social behaviour,,,NR20 3DH,NR20,"The Acorns, Low Rd, North Tuddenham, Dereham NR20 3DH, UK"
,1,2016,Norfolk Constabulary,Norfolk Constabulary,1.040176,52.649391,On or near Welborne Road,E01026479,Breckland 006A,Anti-social behaviour,,,NR20 3LJ,NR20,"Welborne Rd, Mattishall, Dereham NR20 3LJ, UK"
1b50422a9c45aa9aa03e2394582a141459f122b81dd44d51b2d6a6b9739639ba,1,2016,Norfolk Constabulary,Norfolk Constabulary,1.023677,52.692692,On or near Elsing Road,E01026479,Breckland 006A,Burglary,Investigation complete; no suspect identified,,NR20 3DS,NR20,"Elsing Rd, Dereham NR20 3DS, UK"
343357ddf42271d64d93095f6e1317dbeab959c5547521076488533cc535095f,1,2016,Norfolk Constabulary,Norfolk Constabulary,1.003159,52.685084,On or near Parking Area,E01026479,Breckland 006A,Other theft,Investigation complete; no suspect identified,,NR20 3HD,NR20,"North Tuddenham, Dereham NR20 3HD, UK"
a8a1cd723ff86a49b60230c846c9ae4ad3f1bc0ea3d84d5e135dae2c17abd26f,1,2016,Norfolk Constabulary,Norfolk Constabulary,1.019213,52.65954,On or near Farrow Close,E01026480,Breckland 006B,Criminal damage and arson,Investigation complete; no suspect identified,,NR20 3SZ,NR20,"9 Farrow Cl, Mattishall, Dereham NR20 3SZ, UK"
,1,2016,Norfolk Constabulary,Norfolk Constabulary,1.069118,52.675416,On or near Bishop Herbert Close,E01026481,Breckland 006C,Anti-social behaviour,,,NR20 3HS,NR20,"24 Bishop Herbert Cl, Dereham NR20 3HS, UK"
